id,name,type,description,sortID,skills,rarity,slotLevel,color
"ACC_ID_0000","攻击珠【1】","weapon","发动攻击技能的装饰品。","101","HunterSkill_000,1,NONE,0","2","1","PINK"
"ACC_ID_0001","攻击珠Ⅱ【2】","weapon","发动攻击技能的装饰品。","102","HunterSkill_000,2,NONE,0","3","2","PINK"
"ACC_ID_0002","攻击珠Ⅲ【3】","weapon","发动攻击技能的装饰品。","103","HunterSkill_000,3,NONE,0","4","3","PINK"
"ACC_ID_0125","逆上珠【2】","armor","发动怨恨技能的装饰品。","201","HunterSkill_060,1,NONE,0","3","2","ROSE"
"ACC_ID_0171","反攻珠【3】","armor","发动巧击技能的装饰品。","301","HunterSkill_115,1,NONE,0","4","3","RED"
"ACC_ID_0075","守势珠【1】","weapon","发动攻击守势技能的装饰品。","401","HunterSkill_028,1,NONE,0","2","1","WHITE"
"ACC_ID_0076","守势珠Ⅱ【2】","weapon","发动攻击守势技能的装饰品。","402","HunterSkill_028,2,NONE,0","3","2","WHITE"
"ACC_ID_0077","守势珠Ⅲ【3】","weapon","发动攻击守势技能的装饰品。","403","HunterSkill_028,3,NONE,0","4","3","WHITE"
"ACC_ID_0414","守势·火炎珠【3】","weapon","发动攻击守势技能和火属性攻击强化技能的装饰品。","410","HunterSkill_028,3,HunterSkill_005,1","6","3","WHITE"
"ACC_ID_0415","守势·流水珠【3】","weapon","发动攻击守势技能和水属性攻击强化技能的装饰品。","415","HunterSkill_028,3,HunterSkill_006,1","6","3","WHITE"
"ACC_ID_0417","守势·冰结珠【3】","weapon","发动攻击守势技能和冰属性攻击强化技能的装饰品。","425","HunterSkill_028,3,HunterSkill_007,1","6","3","WHITE"
"ACC_ID_0416","守势·雷光珠【3】","weapon","发动攻击守势技能和雷属性攻击强化技能的装饰品。","420","HunterSkill_028,3,HunterSkill_008,1","6","3","WHITE"
"ACC_ID_0418","守势·破龙珠【3】","weapon","发动攻击守势技能和龙属性攻击强化技能的装饰品。","430","HunterSkill_028,3,HunterSkill_009,1","6","3","WHITE"
"ACC_ID_0230","守势·匠珠【3】","weapon","发动攻击守势技能和匠技能的装饰品。","435","HunterSkill_028,3,HunterSkill_014,1","6","3","WHITE"
"ACC_ID_0231","守势·铁壁珠【3】","weapon","发动攻击守势技能和格挡性能技能的装饰品。","440","HunterSkill_028,3,HunterSkill_026,1","6","3","WHITE"
"ACC_ID_0124","无伤珠【2】","armor","发动无伤技能的装饰品。","501","HunterSkill_059,1,NONE,0","3","2","RED"
"ACC_ID_0167","逆袭珠【2】","armor","发动逆袭技能的装饰品。","601","HunterSkill_110,1,NONE,0","3","2","RED"
"ACC_ID_0003","达人珠【1】","weapon","发动看破技能的装饰品。","701","HunterSkill_001,1,NONE,0","2","1","PURPLE"
"ACC_ID_0004","达人珠Ⅱ【2】","weapon","发动看破技能的装饰品。","702","HunterSkill_001,2,NONE,0","3","2","PURPLE"
"ACC_ID_0005","达人珠Ⅲ【3】","weapon","发动看破技能的装饰品。","703","HunterSkill_001,3,NONE,0","4","3","PURPLE"
"ACC_ID_0006","超心珠【1】","weapon","发动超会心技能的装饰品。","801","HunterSkill_002,1,NONE,0","2","1","PURPLE"
"ACC_ID_0007","超心珠Ⅱ【2】","weapon","发动超会心技能的装饰品。","802","HunterSkill_002,2,NONE,0","3","2","PURPLE"
"ACC_ID_0008","超心珠Ⅲ【3】","weapon","发动超会心技能的装饰品。","803","HunterSkill_002,3,NONE,0","4","3","PURPLE"
"ACC_ID_0126","痛击珠【3】","armor","发动弱点特效技能的装饰品。","901","HunterSkill_062,1,NONE,0","4","3","DPURPLE"
"ACC_ID_0078","拔刀珠【1】","weapon","发动拔刀术【技】技能的装饰品。","1001","HunterSkill_029,1,NONE,0","2","1","PURPLE"
"ACC_ID_0079","拔刀珠Ⅱ【2】","weapon","发动拔刀术【技】技能的装饰品。","1002","HunterSkill_029,2,NONE,0","3","2","PURPLE"
"ACC_ID_0080","拔刀珠Ⅲ【3】","weapon","发动拔刀术【技】技能的装饰品。","1003","HunterSkill_029,3,NONE,0","4","3","PURPLE"
"ACC_ID_0128","浑身珠【2】","armor","发动精神抖擞技能的装饰品。","1101","HunterSkill_064,1,NONE,0","3","2","RED"
"ACC_ID_0015","火炎珠【1】","weapon","发动火属性攻击强化技能的装饰品。","1301","HunterSkill_005,1,NONE,0","2","1","RED"
"ACC_ID_0016","火炎珠Ⅱ【2】","weapon","发动火属性攻击强化技能的装饰品。","1302","HunterSkill_005,2,NONE,0","3","2","RED"
"ACC_ID_0017","火炎珠Ⅲ【3】","weapon","发动火属性攻击强化技能的装饰品。","1303","HunterSkill_005,3,NONE,0","4","3","RED"
"ACC_ID_0348","火炎·守势珠【3】","weapon","发动火属性攻击强化技能和攻击守势技能的装饰品。","1310","HunterSkill_005,3,HunterSkill_028,1","5","3","RED"
"ACC_ID_0352","火炎·属会珠【3】","weapon","发动火属性攻击强化技能和会心击【属性】技能的装饰品。","1315","HunterSkill_005,3,HunterSkill_003,1","5","3","RED"
"ACC_ID_0302","火炎·匠珠【3】","weapon","发动火属性攻击强化技能和匠技能的装饰品。","1320","HunterSkill_005,3,HunterSkill_014,1","5","3","RED"
"ACC_ID_0344","火炎·利刃珠【3】","weapon","发动火属性攻击强化技能和利刃技能的装饰品。","1325","HunterSkill_005,3,HunterSkill_015,1","5","3","RED"
"ACC_ID_0305","火炎·射法珠【3】","weapon","发动火属性攻击强化技能和弹道强化技能的装饰品。","1330","HunterSkill_005,3,HunterSkill_019,1","5","3","RED"
"ACC_ID_0351","火炎·初弹珠【3】","weapon","发动火属性攻击强化技能和首发迅击技能的装饰品。","1340","HunterSkill_005,3,HunterSkill_198,1","5","3","RED"
"ACC_ID_0350","火炎·积弹珠【3】","weapon","发动火属性攻击强化技能和强四射击技能的装饰品。","1345","HunterSkill_005,3,HunterSkill_197,1","5","3","RED"
"ACC_ID_0345","火炎·集中珠【3】","weapon","发动火属性攻击强化技能和集中技能的装饰品。","1350","HunterSkill_005,3,HunterSkill_022,1","5","3","RED"
"ACC_ID_0346","火炎·昂扬珠【3】","weapon","发动火属性攻击强化技能和强化持续技能的装饰品。","1355","HunterSkill_005,3,HunterSkill_023,1","5","3","RED"
"ACC_ID_0304","火炎·击晕珠【3】","weapon","发动火属性攻击强化技能和击晕术技能的装饰品。","1360","HunterSkill_005,3,HunterSkill_032,1","5","3","RED"
"ACC_ID_0349","火炎·速变珠【3】","weapon","发动火属性攻击强化技能和高速变形技能的装饰品。","1365","HunterSkill_005,3,HunterSkill_047,1","5","3","RED"
"ACC_ID_0303","火炎·铁壁珠【3】","weapon","发动火属性攻击强化技能和格挡性能技能的装饰品。","1370","HunterSkill_005,3,HunterSkill_026,1","5","3","RED"
"ACC_ID_0347","火炎·强壁珠【3】","weapon","发动火属性攻击强化技能和格挡强化技能的装饰品。","1375","HunterSkill_005,3,HunterSkill_027,1","5","3","RED"
"ACC_ID_0018","流水珠【1】","weapon","发动水属性攻击强化技能的装饰品。","1401","HunterSkill_006,1,NONE,0","2","1","BLUE"
"ACC_ID_0019","流水珠Ⅱ【2】","weapon","发动水属性攻击强化技能的装饰品。","1402","HunterSkill_006,2,NONE,0","3","2","BLUE"
"ACC_ID_0020","流水珠Ⅲ【3】","weapon","发动水属性攻击强化技能的装饰品。","1403","HunterSkill_006,3,NONE,0","4","3","BLUE"
"ACC_ID_0358","流水·守势珠【3】","weapon","发动水属性攻击强化技能和攻击守势技能的装饰品。","1410","HunterSkill_006,3,HunterSkill_028,1","5","3","BLUE"
"ACC_ID_0362","流水·属会珠【3】","weapon","发动水属性攻击强化技能和会心击【属性】技能的装饰品。","1415","HunterSkill_006,3,HunterSkill_003,1","5","3","BLUE"
"ACC_ID_0309","流水·匠珠【3】","weapon","发动水属性攻击强化技能和匠技能的装饰品。","1420","HunterSkill_006,3,HunterSkill_014,1","5","3","BLUE"
"ACC_ID_0354","流水·利刃珠【3】","weapon","发动水属性攻击强化技能和利刃技能的装饰品。","1425","HunterSkill_006,3,HunterSkill_015,1","5","3","BLUE"
"ACC_ID_0312","流水·射法珠【3】","weapon","发动水属性攻击强化技能和弹道强化技能的装饰品。","1430","HunterSkill_006,3,HunterSkill_019,1","5","3","BLUE"
"ACC_ID_0361","流水·初弹珠【3】","weapon","发动水属性攻击强化技能和首发迅击技能的装饰品。","1440","HunterSkill_006,3,HunterSkill_198,1","5","3","BLUE"
"ACC_ID_0360","流水·积弹珠【3】","weapon","发动水属性攻击强化技能和强四射击技能的装饰品。","1445","HunterSkill_006,3,HunterSkill_197,1","5","3","BLUE"
"ACC_ID_0355","流水·集中珠【3】","weapon","发动水属性攻击强化技能和集中技能的装饰品。","1450","HunterSkill_006,3,HunterSkill_022,1","5","3","BLUE"
"ACC_ID_0356","流水·昂扬珠【3】","weapon","发动水属性攻击强化技能和强化持续技能的装饰品。","1455","HunterSkill_006,3,HunterSkill_023,1","5","3","BLUE"
"ACC_ID_0311","流水·击晕珠【3】","weapon","发动水属性攻击强化技能和击晕术技能的装饰品。","1460","HunterSkill_006,3,HunterSkill_032,1","5","3","BLUE"
"ACC_ID_0359","流水·速变珠【3】","weapon","发动水属性攻击强化技能和高速变形技能的装饰品。","1465","HunterSkill_006,3,HunterSkill_047,1","5","3","BLUE"
"ACC_ID_0310","流水·铁壁珠【3】","weapon","发动水属性攻击强化技能和格挡性能技能的装饰品。","1470","HunterSkill_006,3,HunterSkill_026,1","5","3","BLUE"
"ACC_ID_0357","流水·强壁珠【3】","weapon","发动水属性攻击强化技能和格挡强化技能的装饰品。","1475","HunterSkill_006,3,HunterSkill_027,1","5","3","BLUE"
"ACC_ID_0024","冰结珠【1】","weapon","发动冰属性攻击强化技能的装饰品。","1601","HunterSkill_007,1,NONE,0","2","1","WHITE"
"ACC_ID_0025","冰结珠Ⅱ【2】","weapon","发动冰属性攻击强化技能的装饰品。","1602","HunterSkill_007,2,NONE,0","3","2","WHITE"
"ACC_ID_0026","冰结珠Ⅲ【3】","weapon","发动冰属性攻击强化技能的装饰品。","1603","HunterSkill_007,3,NONE,0","4","3","WHITE"
"ACC_ID_0378","冰结·守势珠【3】","weapon","发动冰属性攻击强化技能和攻击守势技能的装饰品。","1610","HunterSkill_007,3,HunterSkill_028,1","5","3","WHITE"
"ACC_ID_0382","冰结·属会珠【3】","weapon","发动冰属性攻击强化技能和会心击【属性】技能的装饰品。","1615","HunterSkill_007,3,HunterSkill_003,1","5","3","WHITE"
"ACC_ID_0323","冰结·匠珠【3】","weapon","发动冰属性攻击强化技能和匠技能的装饰品。","1620","HunterSkill_007,3,HunterSkill_014,1","5","3","WHITE"
"ACC_ID_0374","冰结·利刃珠【3】","weapon","发动冰属性攻击强化技能和利刃技能的装饰品。","1625","HunterSkill_007,3,HunterSkill_015,1","5","3","WHITE"
"ACC_ID_0326","冰结·射法珠【3】","weapon","发动冰属性攻击强化技能和弹道强化技能的装饰品。","1630","HunterSkill_007,3,HunterSkill_019,1","5","3","WHITE"
"ACC_ID_0381","冰结·初弹珠【3】","weapon","发动冰属性攻击强化技能和首发迅击技能的装饰品。","1640","HunterSkill_007,3,HunterSkill_198,1","5","3","WHITE"
"ACC_ID_0380","冰结·积弹珠【3】","weapon","发动冰属性攻击强化技能和强四射击技能的装饰品。","1645","HunterSkill_007,3,HunterSkill_197,1","5","3","WHITE"
"ACC_ID_0375","冰结·集中珠【3】","weapon","发动冰属性攻击强化技能和集中技能的装饰品。","1650","HunterSkill_007,3,HunterSkill_022,1","5","3","WHITE"
"ACC_ID_0376","冰结·昂扬珠【3】","weapon","发动冰属性攻击强化技能和强化持续技能的装饰品。","1655","HunterSkill_007,3,HunterSkill_023,1","5","3","WHITE"
"ACC_ID_0325","冰结·击晕珠【3】","weapon","发动冰属性攻击强化技能和击晕术技能的装饰品。","1660","HunterSkill_007,3,HunterSkill_032,1","5","3","WHITE"
"ACC_ID_0379","冰结·速变珠【3】","weapon","发动冰属性攻击强化技能和高速变形技能的装饰品。","1665","HunterSkill_007,3,HunterSkill_047,1","5","3","WHITE"
"ACC_ID_0324","冰结·铁壁珠【3】","weapon","发动冰属性攻击强化技能和格挡性能技能的装饰品。","1670","HunterSkill_007,3,HunterSkill_026,1","5","3","WHITE"
"ACC_ID_0377","冰结·强壁珠【3】","weapon","发动冰属性攻击强化技能和格挡强化技能的装饰品。","1675","HunterSkill_007,3,HunterSkill_027,1","5","3","WHITE"
"ACC_ID_0021","雷光珠【1】","weapon","发动雷属性攻击强化技能的装饰品。","1501","HunterSkill_008,1,NONE,0","2","1","YELLOW"
"ACC_ID_0022","雷光珠Ⅱ【2】","weapon","发动雷属性攻击强化技能的装饰品。","1502","HunterSkill_008,2,NONE,0","3","2","YELLOW"
"ACC_ID_0023","雷光珠Ⅲ【3】","weapon","发动雷属性攻击强化技能的装饰品。","1503","HunterSkill_008,3,NONE,0","4","3","YELLOW"
"ACC_ID_0368","雷光·守势珠【3】","weapon","发动雷属性攻击强化技能和攻击守势技能的装饰品。","1510","HunterSkill_008,3,HunterSkill_028,1","5","3","YELLOW"
"ACC_ID_0372","雷光·属会珠【3】","weapon","发动雷属性攻击强化技能和会心击【属性】技能的装饰品。","1515","HunterSkill_008,3,HunterSkill_003,1","5","3","YELLOW"
"ACC_ID_0316","雷光·匠珠【3】","weapon","发动雷属性攻击强化技能和匠技能的装饰品。","1520","HunterSkill_008,3,HunterSkill_014,1","5","3","YELLOW"
"ACC_ID_0364","雷光·利刃珠【3】","weapon","发动雷属性攻击强化技能和利刃技能的装饰品。","1525","HunterSkill_008,3,HunterSkill_015,1","5","3","YELLOW"
"ACC_ID_0319","雷光·射法珠【3】","weapon","发动雷属性攻击强化技能和弹道强化技能的装饰品。","1530","HunterSkill_008,3,HunterSkill_019,1","5","3","YELLOW"
"ACC_ID_0371","雷光·初弹珠【3】","weapon","发动雷属性攻击强化技能和首发迅击技能的装饰品。","1540","HunterSkill_008,3,HunterSkill_198,1","5","3","YELLOW"
"ACC_ID_0370","雷光·积弹珠【3】","weapon","发动雷属性攻击强化技能和强四射击技能的装饰品。","1545","HunterSkill_008,3,HunterSkill_197,1","5","3","YELLOW"
"ACC_ID_0365","雷光·集中珠【3】","weapon","发动雷属性攻击强化技能和集中技能的装饰品。","1550","HunterSkill_008,3,HunterSkill_022,1","5","3","YELLOW"
"ACC_ID_0366","雷光·昂扬珠【3】","weapon","发动雷属性攻击强化技能和强化持续技能的装饰品。","1555","HunterSkill_008,3,HunterSkill_023,1","5","3","YELLOW"
"ACC_ID_0318","雷光·击晕珠【3】","weapon","发动雷属性攻击强化技能和击晕术技能的装饰品。","1560","HunterSkill_008,3,HunterSkill_032,1","5","3","YELLOW"
"ACC_ID_0369","雷光·速变珠【3】","weapon","发动雷属性攻击强化技能和高速变形技能的装饰品。","1565","HunterSkill_008,3,HunterSkill_047,1","5","3","YELLOW"
"ACC_ID_0317","雷光·铁壁珠【3】","weapon","发动雷属性攻击强化技能和格挡性能技能的装饰品。","1570","HunterSkill_008,3,HunterSkill_026,1","5","3","YELLOW"
"ACC_ID_0367","雷光·强壁珠【3】","weapon","发动雷属性攻击强化技能和格挡强化技能的装饰品。","1575","HunterSkill_008,3,HunterSkill_027,1","5","3","YELLOW"
"ACC_ID_0027","破龙珠【1】","weapon","发动龙属性攻击强化技能的装饰品。","1701","HunterSkill_009,1,NONE,0","2","1","ROSE"
"ACC_ID_0028","破龙珠Ⅱ【2】","weapon","发动龙属性攻击强化技能的装饰品。","1702","HunterSkill_009,2,NONE,0","3","2","ROSE"
"ACC_ID_0029","破龙珠Ⅲ【3】","weapon","发动龙属性攻击强化技能的装饰品。","1703","HunterSkill_009,3,NONE,0","4","3","ROSE"
"ACC_ID_0388","破龙·守势珠【3】","weapon","发动龙属性攻击强化技能和攻击守势技能的装饰品。","1710","HunterSkill_009,3,HunterSkill_028,1","5","3","ROSE"
"ACC_ID_0392","破龙·属会珠【3】","weapon","发动龙属性攻击强化技能和会心击【属性】技能的装饰品。","1715","HunterSkill_009,3,HunterSkill_003,1","5","3","ROSE"
"ACC_ID_0330","破龙·匠珠【3】","weapon","发动龙属性攻击强化技能和匠技能的装饰品。","1720","HunterSkill_009,3,HunterSkill_014,1","5","3","ROSE"
"ACC_ID_0384","破龙·利刃珠【3】","weapon","发动龙属性攻击强化技能和利刃技能的装饰品。","1725","HunterSkill_009,3,HunterSkill_015,1","5","3","ROSE"
"ACC_ID_0333","破龙·射法珠【3】","weapon","发动龙属性攻击强化技能和弹道强化技能的装饰品。","1730","HunterSkill_009,3,HunterSkill_019,1","5","3","ROSE"
"ACC_ID_0391","破龙·初弹珠【3】","weapon","发动龙属性攻击强化技能和首发迅击技能的装饰品。","1740","HunterSkill_009,3,HunterSkill_198,1","5","3","ROSE"
"ACC_ID_0390","破龙·积弹珠【3】","weapon","发动龙属性攻击强化技能和强四射击技能的装饰品。","1745","HunterSkill_009,3,HunterSkill_197,1","5","3","ROSE"
"ACC_ID_0385","破龙·集中珠【3】","weapon","发动龙属性攻击强化技能和集中技能的装饰品。","1750","HunterSkill_009,3,HunterSkill_022,1","5","3","ROSE"
"ACC_ID_0386","破龙·昂扬珠【3】","weapon","发动龙属性攻击强化技能和强化持续技能的装饰品。","1755","HunterSkill_009,3,HunterSkill_023,1","5","3","ROSE"
"ACC_ID_0332","破龙·击晕珠【3】","weapon","发动龙属性攻击强化技能和击晕术技能的装饰品。","1760","HunterSkill_009,3,HunterSkill_032,1","5","3","ROSE"
"ACC_ID_0389","破龙·速变珠【3】","weapon","发动龙属性攻击强化技能和高速变形技能的装饰品。","1765","HunterSkill_009,3,HunterSkill_047,1","5","3","ROSE"
"ACC_ID_0331","破龙·铁壁珠【3】","weapon","发动龙属性攻击强化技能和格挡性能技能的装饰品。","1770","HunterSkill_009,3,HunterSkill_026,1","5","3","ROSE"
"ACC_ID_0387","破龙·强壁珠【3】","weapon","发动龙属性攻击强化技能和格挡强化技能的装饰品。","1775","HunterSkill_009,3,HunterSkill_027,1","5","3","ROSE"
"ACC_ID_0030","毒珠【1】","weapon","发动毒属性强化技能的装饰品。","1801","HunterSkill_010,1,NONE,0","2","1","PURPLE"
"ACC_ID_0031","毒珠Ⅱ【2】","weapon","发动毒属性强化技能的装饰品。","1802","HunterSkill_010,2,NONE,0","3","2","PURPLE"
"ACC_ID_0032","毒珠Ⅲ【3】","weapon","发动毒属性强化技能的装饰品。","1803","HunterSkill_010,3,NONE,0","4","3","PURPLE"
"ACC_ID_0033","麻痹珠【1】","weapon","发动麻痹属性强化技能的装饰品。","1901","HunterSkill_011,1,NONE,0","2","1","YELLOW"
"ACC_ID_0034","麻痹珠Ⅱ【2】","weapon","发动麻痹属性强化技能的装饰品。","1902","HunterSkill_011,2,NONE,0","3","2","YELLOW"
"ACC_ID_0035","麻痹珠Ⅲ【3】","weapon","发动麻痹属性强化技能的装饰品。","1903","HunterSkill_011,3,NONE,0","4","3","YELLOW"
"ACC_ID_0036","睡眠珠【1】","weapon","发动睡眠属性强化技能的装饰品。","2001","HunterSkill_012,1,NONE,0","2","1","SKY"
"ACC_ID_0037","睡眠珠Ⅱ【2】","weapon","发动睡眠属性强化技能的装饰品。","2002","HunterSkill_012,2,NONE,0","3","2","SKY"
"ACC_ID_0038","睡眠珠Ⅲ【3】","weapon","发动睡眠属性强化技能的装饰品。","2003","HunterSkill_012,3,NONE,0","4","3","SKY"
"ACC_ID_0039","爆破珠【1】","weapon","发动爆破属性强化技能的装饰品。","2101","HunterSkill_013,1,NONE,0","2","1","VERMILION"
"ACC_ID_0040","爆破珠Ⅱ【2】","weapon","发动爆破属性强化技能的装饰品。","2102","HunterSkill_013,2,NONE,0","3","2","VERMILION"
"ACC_ID_0041","爆破珠Ⅲ【3】","weapon","发动爆破属性强化技能的装饰品。","2103","HunterSkill_013,3,NONE,0","4","3","VERMILION"
"ACC_ID_0009","属会珠【1】","weapon","发动会心击【属性】技能的装饰品。","2201","HunterSkill_003,1,NONE,0","2","1","ULTRAMARINE"
"ACC_ID_0010","属会珠Ⅱ【2】","weapon","发动会心击【属性】技能的装饰品。","2202","HunterSkill_003,2,NONE,0","3","2","ULTRAMARINE"
"ACC_ID_0011","属会珠Ⅲ【3】","weapon","发动会心击【属性】技能的装饰品。","2203","HunterSkill_003,3,NONE,0","4","3","ULTRAMARINE"
"ACC_ID_0434","属会·火炎珠【3】","weapon","发动会心击【属性】技能和火属性攻击强化技能的装饰品。","2210","HunterSkill_003,3,HunterSkill_005,1","6","3","ULTRAMARINE"
"ACC_ID_0435","属会·流水珠【3】","weapon","发动会心击【属性】技能和水属性攻击强化技能的装饰品。","2215","HunterSkill_003,3,HunterSkill_006,1","6","3","ULTRAMARINE"
"ACC_ID_0437","属会·冰结珠【3】","weapon","发动会心击【属性】技能和冰属性攻击强化技能的装饰品。","2225","HunterSkill_003,3,HunterSkill_007,1","6","3","ULTRAMARINE"
"ACC_ID_0436","属会·雷光珠【3】","weapon","发动会心击【属性】技能和雷属性攻击强化技能的装饰品。","2220","HunterSkill_003,3,HunterSkill_008,1","6","3","ULTRAMARINE"
"ACC_ID_0438","属会·破龙珠【3】","weapon","发动会心击【属性】技能和龙属性攻击强化技能的装饰品。","2230","HunterSkill_003,3,HunterSkill_009,1","6","3","ULTRAMARINE"
"ACC_ID_0279","属会·匠珠【3】","weapon","发动会心击【属性】技能和匠技能的装饰品。","2235","HunterSkill_003,3,HunterSkill_014,1","4","3","ULTRAMARINE"
"ACC_ID_0282","属会·射法珠【3】","weapon","发动会心击【属性】技能和弹道强化技能的装饰品。","2240","HunterSkill_003,3,HunterSkill_019,1","4","3","ULTRAMARINE"
"ACC_ID_0281","属会·击晕珠【3】","weapon","发动会心击【属性】技能和击晕术技能的装饰品。","2245","HunterSkill_003,3,HunterSkill_032,1","4","3","ULTRAMARINE"
"ACC_ID_0280","属会·铁壁珠【3】","weapon","发动会心击【属性】技能和格挡性能技能的装饰品。","2250","HunterSkill_003,3,HunterSkill_026,1","4","3","ULTRAMARINE"
"ACC_ID_0119","特会珠【1】","weapon","发动会心击【特殊】技能的装饰品。","2301","HunterSkill_056,1,NONE,0","2","1","EMERALD"
"ACC_ID_0120","特会珠Ⅱ【2】","weapon","发动会心击【特殊】技能的装饰品。","2302","HunterSkill_056,2,NONE,0","3","2","EMERALD"
"ACC_ID_0121","特会珠Ⅲ【3】","weapon","发动会心击【特殊】技能的装饰品。","2303","HunterSkill_056,3,NONE,0","4","3","EMERALD"
"ACC_ID_0286","特会·匠珠【3】","weapon","发动会心击【特殊】技能和匠技能的装饰品。","2310","HunterSkill_056,3,HunterSkill_014,1","5","3","EMERALD"
"ACC_ID_0289","特会·射法珠【3】","weapon","发动会心击【特殊】技能和弹道强化技能的装饰品。","2315","HunterSkill_056,3,HunterSkill_019,1","5","3","EMERALD"
"ACC_ID_0288","特会·击晕珠【3】","weapon","发动会心击【特殊】技能和击晕术技能的装饰品。","2320","HunterSkill_056,3,HunterSkill_032,1","5","3","EMERALD"
"ACC_ID_0287","特会·铁壁珠【3】","weapon","发动会心击【特殊】技能和格挡性能技能的装饰品。","2325","HunterSkill_056,3,HunterSkill_026,1","5","3","EMERALD"
"ACC_ID_0110","蓄幅珠【1】","weapon","发动蓄力大师技能的装饰品。","2401","HunterSkill_048,1,NONE,0","2","1","BLUE"
"ACC_ID_0111","蓄幅珠Ⅱ【2】","weapon","发动蓄力大师技能的装饰品。","2402","HunterSkill_048,2,NONE,0","3","2","BLUE"
"ACC_ID_0112","蓄幅珠Ⅲ【3】","weapon","发动蓄力大师技能的装饰品。","2403","HunterSkill_048,3,NONE,0","4","3","BLUE"
"ACC_ID_0257","蓄幅·匠珠【3】","weapon","发动蓄力大师技能和匠技能的装饰品。","2410","HunterSkill_048,3,HunterSkill_014,1","6","3","BLUE"
"ACC_ID_0258","蓄幅·击晕珠【3】","weapon","发动蓄力大师技能和击晕术技能的装饰品。","2415","HunterSkill_048,3,HunterSkill_032,1","6","3","BLUE"
"ACC_ID_0042","匠珠【1】","weapon","发动匠技能的装饰品。","2601","HunterSkill_014,1,NONE,0","2","1","WHITE"
"ACC_ID_0043","匠珠Ⅱ【2】","weapon","发动匠技能的装饰品。","2602","HunterSkill_014,2,NONE,0","3","2","WHITE"
"ACC_ID_0044","匠珠Ⅲ【3】","weapon","发动匠技能的装饰品。","2603","HunterSkill_014,3,NONE,0","4","3","WHITE"
"ACC_ID_0045","利刃珠【1】","weapon","发动利刃技能的装饰品。","2701","HunterSkill_015,1,NONE,0","2","1","EMERALD"
"ACC_ID_0046","利刃珠Ⅱ【2】","weapon","发动利刃技能的装饰品。","2702","HunterSkill_015,2,NONE,0","3","2","EMERALD"
"ACC_ID_0047","利刃珠Ⅲ【3】","weapon","发动利刃技能的装饰品。","2703","HunterSkill_015,3,NONE,0","4","3","EMERALD"
"ACC_ID_0394","利刃·火炎珠【3】","weapon","发动利刃技能和火属性攻击强化技能的装饰品。","2710","HunterSkill_015,3,HunterSkill_005,1","6","3","EMERALD"
"ACC_ID_0395","利刃·流水珠【3】","weapon","发动利刃技能和水属性攻击强化技能的装饰品。","2715","HunterSkill_015,3,HunterSkill_006,1","6","3","EMERALD"
"ACC_ID_0397","利刃·冰结珠【3】","weapon","发动利刃技能和冰属性攻击强化技能的装饰品。","2725","HunterSkill_015,3,HunterSkill_007,1","6","3","EMERALD"
"ACC_ID_0396","利刃·雷光珠【3】","weapon","发动利刃技能和雷属性攻击强化技能的装饰品。","2720","HunterSkill_015,3,HunterSkill_008,1","6","3","EMERALD"
"ACC_ID_0398","利刃·破龙珠【3】","weapon","发动利刃技能和龙属性攻击强化技能的装饰品。","2730","HunterSkill_015,3,HunterSkill_009,1","6","3","EMERALD"
"ACC_ID_0206","利刃·匠珠【3】","weapon","发动利刃技能和匠技能的装饰品。","2735","HunterSkill_015,3,HunterSkill_014,1","6","3","EMERALD"
"ACC_ID_0208","利刃·击晕珠【3】","weapon","发动利刃技能和击晕术技能的装饰品。","2740","HunterSkill_015,3,HunterSkill_032,1","6","3","EMERALD"
"ACC_ID_0207","利刃·铁壁珠【3】","weapon","发动利刃技能和格挡性能技能的装饰品。","2745","HunterSkill_015,3,HunterSkill_026,1","6","3","EMERALD"
"ACC_ID_0048","刚刃珠【1】","weapon","发动刚刃打磨技能的装饰品。","2801","HunterSkill_017,1,NONE,0","2","1","ROSE"
"ACC_ID_0049","刚刃珠Ⅱ【2】","weapon","发动刚刃打磨技能的装饰品。","2802","HunterSkill_017,2,NONE,0","3","2","ROSE"
"ACC_ID_0050","刚刃珠Ⅲ【3】","weapon","发动刚刃打磨技能的装饰品。","2803","HunterSkill_017,3,NONE,0","4","3","ROSE"
"ACC_ID_0051","心眼珠【1】","weapon","发动心眼技能的装饰品。","2901","HunterSkill_018,1,NONE,0","2","1","ROSE"
"ACC_ID_0052","心眼珠Ⅱ【2】","weapon","发动心眼技能的装饰品。","2902","HunterSkill_018,2,NONE,0","3","2","ROSE"
"ACC_ID_0053","心眼珠Ⅲ【3】","weapon","发动心眼技能的装饰品。","2903","HunterSkill_018,3,NONE,0","4","3","ROSE"
"ACC_ID_0057","钝器珠【1】","weapon","发动钝器能手技能的装饰品。","3001","HunterSkill_020,1,NONE,0","2","1","LEMON"
"ACC_ID_0058","钝器珠Ⅱ【2】","weapon","发动钝器能手技能的装饰品。","3002","HunterSkill_020,2,NONE,0","3","2","LEMON"
"ACC_ID_0059","钝器珠Ⅲ【3】","weapon","发动钝器能手技能的装饰品。","3003","HunterSkill_020,3,NONE,0","4","3","LEMON"
"ACC_ID_0012","达艺珠【3】","weapon","发动达人艺技能的装饰品。","3101","HunterSkill_004,1,NONE,0","4","3","WHITE"
"ACC_ID_0099","强弹珠【3】","weapon","发动通常弹·通常箭强化技能的装饰品。","3201","HunterSkill_038,1,NONE,0","4","3","WHITE"
"ACC_ID_0100","贯穿珠【3】","weapon","发动贯穿弹·龙之箭强化技能的装饰品。","3301","HunterSkill_039,1,NONE,0","4","3","BLUE"
"ACC_ID_0101","散弹珠【3】","weapon","发动散弹·刚射强化技能的装饰品。","3401","HunterSkill_040,1,NONE,0","4","3","MOS"
"ACC_ID_0054","射法珠【1】","weapon","发动弹道强化技能的装饰品。","3501","HunterSkill_019,1,NONE,0","2","1","PINK"
"ACC_ID_0055","射法珠Ⅱ【2】","weapon","发动弹道强化技能的装饰品。","3502","HunterSkill_019,2,NONE,0","3","2","PINK"
"ACC_ID_0056","射法珠Ⅲ【3】","weapon","发动弹道强化技能的装饰品。","3503","HunterSkill_019,3,NONE,0","4","3","PINK"
"ACC_ID_0102","速射珠【3】","weapon","发动速射强化技能的装饰品。","3601","HunterSkill_045,1,NONE,0","4","3","WHITE"
"ACC_ID_0194","初弹珠【1】","weapon","发动首发迅击技能的装饰品。","3701","HunterSkill_198,1,NONE,0","2","1","WHITE"
"ACC_ID_0195","初弹珠Ⅱ【2】","weapon","发动首发迅击技能的装饰品。","3702","HunterSkill_198,2,NONE,0","3","2","WHITE"
"ACC_ID_0196","初弹珠Ⅲ【3】","weapon","发动首发迅击技能的装饰品。","3703","HunterSkill_198,3,NONE,0","4","3","WHITE"
"ACC_ID_0429","初弹·火炎珠【3】","weapon","发动首发迅击技能和火属性攻击强化技能的装饰品。","3710","HunterSkill_198,3,HunterSkill_005,1","6","3","WHITE"
"ACC_ID_0430","初弹·流水珠【3】","weapon","发动首发迅击技能和水属性攻击强化技能的装饰品。","3715","HunterSkill_198,3,HunterSkill_006,1","6","3","WHITE"
"ACC_ID_0432","初弹·冰结珠【3】","weapon","发动首发迅击技能和冰属性攻击强化技能的装饰品。","3725","HunterSkill_198,3,HunterSkill_007,1","6","3","WHITE"
"ACC_ID_0431","初弹·雷光珠【3】","weapon","发动首发迅击技能和雷属性攻击强化技能的装饰品。","3720","HunterSkill_198,3,HunterSkill_008,1","6","3","WHITE"
"ACC_ID_0433","初弹·破龙珠【3】","weapon","发动首发迅击技能和龙属性攻击强化技能的装饰品。","3730","HunterSkill_198,3,HunterSkill_009,1","6","3","WHITE"
"ACC_ID_0267","初弹·射法珠【3】","weapon","发动首发迅击技能和弹道强化技能的装饰品。","3735","HunterSkill_198,3,HunterSkill_019,1","6","3","WHITE"
"ACC_ID_0266","初弹·铁壁珠【3】","weapon","发动首发迅击技能和格挡性能技能的装饰品。","3740","HunterSkill_198,3,HunterSkill_026,1","6","3","WHITE"
"ACC_ID_0191","积弹珠【1】","weapon","发动强四射击技能的装饰品。","3801","HunterSkill_197,1,NONE,0","2","1","BLUE"
"ACC_ID_0192","积弹珠Ⅱ【2】","weapon","发动强四射击技能的装饰品。","3802","HunterSkill_197,2,NONE,0","3","2","BLUE"
"ACC_ID_0193","积弹珠Ⅲ【3】","weapon","发动强四射击技能的装饰品。","3803","HunterSkill_197,3,NONE,0","4","3","BLUE"
"ACC_ID_0424","积弹·火炎珠【3】","weapon","发动强四射击技能和火属性攻击强化技能的装饰品。","3810","HunterSkill_197,3,HunterSkill_005,1","6","3","BLUE"
"ACC_ID_0425","积弹·流水珠【3】","weapon","发动强四射击技能和水属性攻击强化技能的装饰品。","3815","HunterSkill_197,3,HunterSkill_006,1","6","3","BLUE"
"ACC_ID_0427","积弹·冰结珠【3】","weapon","发动强四射击技能和冰属性攻击强化技能的装饰品。","3825","HunterSkill_197,3,HunterSkill_007,1","6","3","BLUE"
"ACC_ID_0426","积弹·雷光珠【3】","weapon","发动强四射击技能和雷属性攻击强化技能的装饰品。","3820","HunterSkill_197,3,HunterSkill_008,1","6","3","BLUE"
"ACC_ID_0428","积弹·破龙珠【3】","weapon","发动强四射击技能和龙属性攻击强化技能的装饰品。","3830","HunterSkill_197,3,HunterSkill_009,1","6","3","BLUE"
"ACC_ID_0263","积弹·射法珠【3】","weapon","发动强四射击技能和弹道强化技能的装饰品。","3835","HunterSkill_197,3,HunterSkill_019,1","6","3","BLUE"
"ACC_ID_0262","积弹·铁壁珠【3】","weapon","发动强四射击技能和格挡性能技能的装饰品。","3840","HunterSkill_197,3,HunterSkill_026,1","6","3","BLUE"
"ACC_ID_0097","特射珠【1】","weapon","发动特殊射击强化技能的装饰品。","3901","HunterSkill_037,1,NONE,0","2","1","GRAY"
"ACC_ID_0098","特射珠Ⅱ【2】","weapon","发动特殊射击强化技能的装饰品。","3902","HunterSkill_037,2,NONE,0","3","2","GRAY"
"ACC_ID_0114","毒瓶珠【2】","weapon","发动毒瓶追加技能的装饰品。","4001","HunterSkill_051,1,NONE,0","3","2","PURPLE"
"ACC_ID_0115","痹瓶珠【3】","weapon","发动麻痹瓶追加技能的装饰品。","4101","HunterSkill_052,1,NONE,0","4","3","YELLOW"
"ACC_ID_0116","眠瓶珠【3】","weapon","发动睡眠瓶追加技能的装饰品。","4201","HunterSkill_053,1,NONE,0","4","3","SKY"
"ACC_ID_0117","爆瓶珠【2】","weapon","发动爆破瓶追加技能的装饰品。","4301","HunterSkill_054,1,NONE,0","3","2","VERMILION"
"ACC_ID_0343","疲瓶珠【2】","weapon","发动减气瓶追加技能的装饰品。","4401","HunterSkill_199,1,NONE,0","3","2","IVORY"
"ACC_ID_0131","防御珠【1】","armor","发动防御技能的装饰品。","4501","HunterSkill_067,1,NONE,0","2","1","BROWN"
"ACC_ID_0132","加护珠【1】","armor","发动精灵加护技能的装饰品。","4601","HunterSkill_068,1,NONE,0","2","1","BLUE"
"ACC_ID_0141","耐火珠【1】","armor","发动火耐性技能的装饰品。","4701","HunterSkill_077,1,NONE,0","2","1","RED"
"ACC_ID_0142","耐水珠【1】","armor","发动水耐性技能的装饰品。","4801","HunterSkill_078,1,NONE,0","2","1","BLUE"
"ACC_ID_0143","耐雷珠【1】","armor","发动雷耐性技能的装饰品。","4901","HunterSkill_080,1,NONE,0","2","1","YELLOW"
"ACC_ID_0144","耐冰珠【1】","armor","发动冰耐性技能的装饰品。","5001","HunterSkill_079,1,NONE,0","2","1","WHITE"
"ACC_ID_0145","耐龙珠【1】","armor","发动龙耐性技能的装饰品。","5101","HunterSkill_081,1,NONE,0","2","1","ROSE"
"ACC_ID_0146","耐毒珠【1】","armor","发动毒耐性技能的装饰品。","5201","HunterSkill_083,1,NONE,0","2","1","PURPLE"
"ACC_ID_0147","耐麻珠【1】","armor","发动麻痹耐性技能的装饰品。","5301","HunterSkill_084,1,NONE,0","2","1","YELLOW"
"ACC_ID_0148","耐眠珠【1】","armor","发动睡眠耐性技能的装饰品。","5401","HunterSkill_085,1,NONE,0","2","1","SKY"
"ACC_ID_0174","耐防珠【1】","armor","发动防御力下降耐性技能的装饰品。","5501","HunterSkill_120,1,NONE,0","2","1","IVORY"
"ACC_ID_0149","耐绝珠【1】","armor","发动昏厥耐性技能的装饰品。","5701","HunterSkill_086,1,NONE,0","2","1","YELLOW"
"ACC_ID_0173","耐裂珠【1】","armor","发动裂伤耐性技能的装饰品。","5801","HunterSkill_119,1,NONE,0","2","1","IVORY"
"ACC_ID_0186","耐缚珠【1】","armor","发动束缚耐性技能的装饰品。","5901","HunterSkill_189,1,NONE,0","2","1","WHITE"
"ACC_ID_0151","耐爆珠【1】","armor","发动爆破异常耐性技能的装饰品。","6001","HunterSkill_087,1,NONE,0","2","1","VERMILION"
"ACC_ID_0176","耐臭珠【1】","armor","发动恶臭耐性技能的装饰品。","6101","HunterSkill_122,1,NONE,0","2","1","BROWN"
"ACC_ID_0184","适应珠【1】","armor","发动适应环境技能的装饰品。","6201","HunterSkill_144,1,NONE,0","2","1","GRAY"
"ACC_ID_0133","治愈珠【1】","armor","发动体力回复量提升技能的装饰品。","6301","HunterSkill_069,1,NONE,0","2","1","GREEN"
"ACC_ID_0134","早复珠【1】","armor","发动回复速度技能的装饰品。","6401","HunterSkill_070,1,NONE,0","2","1","GREEN"
"ACC_ID_0179","环境珠【1】","armor","发动环境利用知识技能的装饰品。","6501","HunterSkill_134,1,NONE,0","2","1","WHITE"
"ACC_ID_0068","体术珠【1】","armor","发动体术技能的装饰品。","6601","HunterSkill_025,1,NONE,0","2","1","BROWN"
"ACC_ID_0129","早气珠【2】","armor","发动耐力急速回复技能的装饰品。","6701","HunterSkill_065,1,NONE,0","3","2","IVORY"
"ACC_ID_0067","强走珠【1】","armor","发动跑者技能的装饰品。","6801","HunterSkill_024,1,NONE,0","2","1","BROWN"
"ACC_ID_0164","无食珠【1】","armor","发动饥饿耐性技能的装饰品。","6901","HunterSkill_105,1,NONE,0","2","1","BROWN"
"ACC_ID_0123","挑战珠【3】","armor","发动挑战者技能的装饰品。","7001","HunterSkill_058,1,NONE,0","4","3","RED"
"ACC_ID_0127","全开珠【3】","armor","发动力量解放技能的装饰品。","7101","HunterSkill_063,1,NONE,0","4","3","RED"
"ACC_ID_0161","底力珠【2】","armor","发动火场怪力技能的装饰品。","7201","HunterSkill_100,1,NONE,0","3","2","RED"
"ACC_ID_0170","连击珠【3】","armor","发动连击技能的装饰品。","7301","HunterSkill_114,1,NONE,0","4","3","RED"
"ACC_ID_0168","攻势珠【3】","armor","发动攻势技能的装饰品。","7401","HunterSkill_111,1,NONE,0","4","3","RED"
"ACC_ID_0187","刺击珠【3】","armor","发动锁刃刺击技能的装饰品。","7501","HunterSkill_146,1,NONE,0","4","3","WHITE"
"ACC_ID_0061","集中珠【1】","weapon","发动集中技能的装饰品。","7701","HunterSkill_022,1,NONE,0","2","1","BROWN"
"ACC_ID_0062","集中珠Ⅱ【2】","weapon","发动集中技能的装饰品。","7702","HunterSkill_022,2,NONE,0","3","2","BROWN"
"ACC_ID_0063","集中珠Ⅲ【3】","weapon","发动集中技能的装饰品。","7703","HunterSkill_022,3,NONE,0","4","3","BROWN"
"ACC_ID_0399","集中·火炎珠【3】","weapon","发动集中技能和火属性攻击强化技能的装饰品。","7710","HunterSkill_022,3,HunterSkill_005,1","6","3","BROWN"
"ACC_ID_0400","集中·流水珠【3】","weapon","发动集中技能和水属性攻击强化技能的装饰品。","7715","HunterSkill_022,3,HunterSkill_006,1","6","3","BROWN"
"ACC_ID_0402","集中·冰结珠【3】","weapon","发动集中技能和冰属性攻击强化技能的装饰品。","7720","HunterSkill_022,3,HunterSkill_007,1","6","3","BROWN"
"ACC_ID_0401","集中·雷光珠【3】","weapon","发动集中技能和雷属性攻击强化技能的装饰品。","7725","HunterSkill_022,3,HunterSkill_008,1","6","3","BROWN"
"ACC_ID_0403","集中·破龙珠【3】","weapon","发动集中技能和龙属性攻击强化技能的装饰品。","7730","HunterSkill_022,3,HunterSkill_009,1","6","3","BROWN"
"ACC_ID_0215","集中·匠珠【3】","weapon","发动集中技能和匠技能的装饰品。","7735","HunterSkill_022,3,HunterSkill_014,1","6","3","BROWN"
"ACC_ID_0217","集中·射法珠【3】","weapon","发动集中技能和弹道强化技能的装饰品。","7740","HunterSkill_022,3,HunterSkill_019,1","6","3","BROWN"
"ACC_ID_0216","集中·击晕珠【3】","weapon","发动集中技能和击晕术技能的装饰品。","7745","HunterSkill_022,3,HunterSkill_032,1","6","3","BROWN"
"ACC_ID_0064","昂扬珠【1】","weapon","发动强化持续技能的装饰品。","7801","HunterSkill_023,1,NONE,0","2","1","LEMON"
"ACC_ID_0065","昂扬珠Ⅱ【2】","weapon","发动强化持续技能的装饰品。","7802","HunterSkill_023,2,NONE,0","3","2","LEMON"
"ACC_ID_0066","昂扬珠Ⅲ【3】","weapon","发动强化持续技能的装饰品。","7803","HunterSkill_023,3,NONE,0","4","3","LEMON"
"ACC_ID_0404","昂扬·火炎珠【3】","weapon","发动强化持续技能和火属性攻击强化技能的装饰品。","7810","HunterSkill_023,3,HunterSkill_005,1","6","3","LEMON"
"ACC_ID_0405","昂扬·流水珠【3】","weapon","发动强化持续技能和水属性攻击强化技能的装饰品。","7815","HunterSkill_023,3,HunterSkill_006,1","6","3","LEMON"
"ACC_ID_0407","昂扬·冰结珠【3】","weapon","发动强化持续技能和冰属性攻击强化技能的装饰品。","7825","HunterSkill_023,3,HunterSkill_007,1","6","3","LEMON"
"ACC_ID_0406","昂扬·雷光珠【3】","weapon","发动强化持续技能和雷属性攻击强化技能的装饰品。","7820","HunterSkill_023,3,HunterSkill_008,1","6","3","LEMON"
"ACC_ID_0408","昂扬·破龙珠【3】","weapon","发动强化持续技能和龙属性攻击强化技能的装饰品。","7830","HunterSkill_023,3,HunterSkill_009,1","6","3","LEMON"
"ACC_ID_0221","昂扬·匠珠【3】","weapon","发动强化持续技能和匠技能的装饰品。","7835","HunterSkill_023,3,HunterSkill_014,1","6","3","LEMON"
"ACC_ID_0081","拔打珠【1】","weapon","发动拔刀术【力】技能的装饰品。","7901","HunterSkill_030,1,NONE,0","2","1","WHITE"
"ACC_ID_0082","拔打珠Ⅱ【2】","weapon","发动拔刀术【力】技能的装饰品。","7902","HunterSkill_030,2,NONE,0","3","2","WHITE"
"ACC_ID_0083","拔打珠Ⅲ【3】","weapon","发动拔刀术【力】技能的装饰品。","7903","HunterSkill_030,3,NONE,0","4","3","WHITE"
"ACC_ID_0296","拔打·匠珠【3】","weapon","发动拔刀术【力】技能和匠技能的装饰品。","7910","HunterSkill_030,3,HunterSkill_014,1","6","3","WHITE"
"ACC_ID_0298","拔打·击晕珠【3】","weapon","发动拔刀术【力】技能和击晕术技能的装饰品。","7915","HunterSkill_030,3,HunterSkill_032,1","6","3","WHITE"
"ACC_ID_0297","拔打·铁壁珠【3】","weapon","发动拔刀术【力】技能和格挡性能技能的装饰品。","7920","HunterSkill_030,3,HunterSkill_026,1","6","3","WHITE"
"ACC_ID_0085","击晕珠【1】","weapon","发动击晕术技能的装饰品。","8001","HunterSkill_032,1,NONE,0","2","1","YELLOW"
"ACC_ID_0086","击晕珠Ⅱ【2】","weapon","发动击晕术技能的装饰品。","8002","HunterSkill_032,2,NONE,0","3","2","YELLOW"
"ACC_ID_0087","击晕珠Ⅲ【3】","weapon","发动击晕术技能的装饰品。","8003","HunterSkill_032,3,NONE,0","4","3","YELLOW"
"ACC_ID_0088","夺气珠【1】","weapon","发动夺取耐力技能的装饰品。","8101","HunterSkill_033,1,NONE,0","2","1","SKY"
"ACC_ID_0089","夺气珠Ⅱ【2】","weapon","发动夺取耐力技能的装饰品。","8102","HunterSkill_033,2,NONE,0","3","2","SKY"
"ACC_ID_0090","夺气珠Ⅲ【3】","weapon","发动夺取耐力技能的装饰品。","8103","HunterSkill_033,3,NONE,0","4","3","SKY"
"ACC_ID_0092","炮术珠【1】","weapon","发动炮术技能的装饰品。","8201","HunterSkill_035,1,NONE,0","2","1","GRAY"
"ACC_ID_0093","炮术珠Ⅱ【2】","weapon","发动炮术技能的装饰品。","8202","HunterSkill_035,2,NONE,0","3","2","GRAY"
"ACC_ID_0094","炮术珠Ⅲ【3】","weapon","发动炮术技能的装饰品。","8203","HunterSkill_035,3,NONE,0","4","3","GRAY"
"ACC_ID_0107","速变珠【1】","weapon","发动高速变形技能的装饰品。","8301","HunterSkill_047,1,NONE,0","2","1","BLUE"
"ACC_ID_0108","速变珠Ⅱ【2】","weapon","发动高速变形技能的装饰品。","8302","HunterSkill_047,2,NONE,0","3","2","BLUE"
"ACC_ID_0109","速变珠Ⅲ【3】","weapon","发动高速变形技能的装饰品。","8303","HunterSkill_047,3,NONE,0","4","3","BLUE"
"ACC_ID_0419","速变·火炎珠【3】","weapon","发动高速变形技能和火属性攻击强化技能的装饰品。","8310","HunterSkill_047,3,HunterSkill_005,1","6","3","BLUE"
"ACC_ID_0420","速变·流水珠【3】","weapon","发动高速变形技能和水属性攻击强化技能的装饰品。","8315","HunterSkill_047,3,HunterSkill_006,1","6","3","BLUE"
"ACC_ID_0422","速变·冰结珠【3】","weapon","发动高速变形技能和冰属性攻击强化技能的装饰品。","8325","HunterSkill_047,3,HunterSkill_007,1","6","3","BLUE"
"ACC_ID_0421","速变·雷光珠【3】","weapon","发动高速变形技能和雷属性攻击强化技能的装饰品。","8320","HunterSkill_047,3,HunterSkill_008,1","6","3","BLUE"
"ACC_ID_0423","速变·破龙珠【3】","weapon","发动高速变形技能和龙属性攻击强化技能的装饰品。","8330","HunterSkill_047,3,HunterSkill_009,1","6","3","BLUE"
"ACC_ID_0251","速变·匠珠【3】","weapon","发动高速变形技能和匠技能的装饰品。","8335","HunterSkill_047,3,HunterSkill_014,1","6","3","BLUE"
"ACC_ID_0253","速变·击晕珠【3】","weapon","发动高速变形技能和击晕术技能的装饰品。","8340","HunterSkill_047,3,HunterSkill_032,1","6","3","BLUE"
"ACC_ID_0252","速变·铁壁珠【3】","weapon","发动高速变形技能和格挡性能技能的装饰品。","8345","HunterSkill_047,3,HunterSkill_026,1","6","3","BLUE"
"ACC_ID_0155","重击珠【2】","armor","发动破坏王技能的装饰品。","8401","HunterSkill_091,1,NONE,0","3","2","GRAY"
"ACC_ID_0169","转福珠【2】","armor","发动因祸得福技能的装饰品。","8501","HunterSkill_113,1,NONE,0","6","2","PURPLE"
"ACC_ID_0172","急袭珠【2】","armor","发动急袭技能的装饰品。","8601","HunterSkill_116,1,NONE,0","3","2","PURPLE"
"ACC_ID_0190","抗狂珠【1】","armor","发动无我之境技能的装饰品。","8701","HunterSkill_195,1,NONE,0","4","1","PURPLE"
"ACC_ID_0091","鼓笛珠【2】","weapon","发动吹笛名人技能的装饰品。","8901","HunterSkill_034,1,NONE,0","3","2","WHITE"
"ACC_ID_0233","鼓笛·攻击珠【3】","weapon","发动吹笛名人技能和攻击技能的装饰品。","8910","HunterSkill_034,2,HunterSkill_000,1","4","3","WHITE"
"ACC_ID_0234","鼓笛·达人珠【3】","weapon","发动吹笛名人技能和看破技能的装饰品。","8915","HunterSkill_034,2,HunterSkill_001,1","4","3","WHITE"
"ACC_ID_0237","鼓笛·拔刀珠【3】","weapon","发动吹笛名人技能和拔刀术【技】技能的装饰品。","8920","HunterSkill_034,2,HunterSkill_029,1","4","3","WHITE"
"ACC_ID_0235","鼓笛·匠珠【3】","weapon","发动吹笛名人技能和匠技能的装饰品。","8925","HunterSkill_034,2,HunterSkill_014,1","4","3","WHITE"
"ACC_ID_0236","鼓笛·击晕珠【3】","weapon","发动吹笛名人技能和击晕术技能的装饰品。","8930","HunterSkill_034,2,HunterSkill_032,1","4","3","WHITE"
"ACC_ID_0122","蓄击珠【2】","weapon","发动蓄击强化技能的装饰品。","9001","HunterSkill_057,1,NONE,0","3","2","YELLOW"
"ACC_ID_0272","蓄击·攻击珠【3】","weapon","发动蓄击强化技能和攻击技能的装饰品。","9010","HunterSkill_057,1,HunterSkill_000,1","4","3","YELLOW"
"ACC_ID_0273","蓄击·达人珠【3】","weapon","发动蓄击强化技能和看破技能的装饰品。","9015","HunterSkill_057,1,HunterSkill_001,1","4","3","YELLOW"
"ACC_ID_0276","蓄击·拔刀珠【3】","weapon","发动蓄击强化技能和拔刀术【技】技能的装饰品。","9020","HunterSkill_057,1,HunterSkill_029,1","4","3","YELLOW"
"ACC_ID_0274","蓄击·匠珠【3】","weapon","发动蓄击强化技能和匠技能的装饰品。","9025","HunterSkill_057,1,HunterSkill_014,1","4","3","YELLOW"
"ACC_ID_0275","蓄击·击晕珠【3】","weapon","发动蓄击强化技能和击晕术技能的装饰品。","9030","HunterSkill_057,1,HunterSkill_032,1","4","3","YELLOW"
"ACC_ID_0118","飞燕珠【2】","weapon","发动飞燕技能的装饰品。","9101","HunterSkill_055,1,NONE,0","3","2","BLUE"
"ACC_ID_0268","飞燕·攻击珠【3】","weapon","发动飞燕技能和攻击技能的装饰品。","9110","HunterSkill_055,1,HunterSkill_000,1","4","3","BLUE"
"ACC_ID_0269","飞燕·达人珠【3】","weapon","发动飞燕技能和看破技能的装饰品。","9115","HunterSkill_055,1,HunterSkill_001,1","4","3","BLUE"
"ACC_ID_0271","飞燕·拔刀珠【3】","weapon","发动飞燕技能和拔刀术【技】技能的装饰品。","9120","HunterSkill_055,1,HunterSkill_029,1","4","3","BLUE"
"ACC_ID_0270","飞燕·匠珠【3】","weapon","发动飞燕技能和匠技能的装饰品。","9125","HunterSkill_055,1,HunterSkill_014,1","4","3","BLUE"
"ACC_ID_0185","钻研珠【1】","armor","发动钻研技能的装饰品。","9201","HunterSkill_145,1,NONE,0","2","1","PURPLE"
"ACC_ID_0335","强毒珠【2】","weapon","发动毒伤害强化技能的装饰品。","9301","HunterSkill_141,1,NONE,0","4","2","PURPLE"
"ACC_ID_0336","强毒·攻击珠【3】","weapon","发动毒伤害强化技能和攻击技能的装饰品。","9310","HunterSkill_141,1,HunterSkill_000,1","5","3","PURPLE"
"ACC_ID_0337","强毒·达人珠【3】","weapon","发动毒伤害强化技能和看破技能的装饰品。","9315","HunterSkill_141,1,HunterSkill_001,1","5","3","PURPLE"
"ACC_ID_0342","强毒·拔刀珠【3】","weapon","发动毒伤害强化技能和拔刀术【技】技能的装饰品。","9320","HunterSkill_141,1,HunterSkill_029,1","5","3","PURPLE"
"ACC_ID_0338","强毒·匠珠【3】","weapon","发动毒伤害强化技能和匠技能的装饰品。","9325","HunterSkill_141,1,HunterSkill_014,1","5","3","PURPLE"
"ACC_ID_0341","强毒·射法珠【3】","weapon","发动毒伤害强化技能和弹道强化技能的装饰品。","9330","HunterSkill_141,1,HunterSkill_019,1","5","3","PURPLE"
"ACC_ID_0340","强毒·击晕珠【3】","weapon","发动毒伤害强化技能和击晕术技能的装饰品。","9335","HunterSkill_141,1,HunterSkill_032,1","5","3","PURPLE"
"ACC_ID_0339","强毒·铁壁珠【3】","weapon","发动毒伤害强化技能和格挡性能技能的装饰品。","9340","HunterSkill_141,1,HunterSkill_026,1","5","3","PURPLE"
"ACC_ID_0069","铁壁珠【1】","weapon","发动格挡性能技能的装饰品。","9401","HunterSkill_026,1,NONE,0","2","1","GRAY"
"ACC_ID_0070","铁壁珠Ⅱ【2】","weapon","发动格挡性能技能的装饰品。","9402","HunterSkill_026,2,NONE,0","3","2","GRAY"
"ACC_ID_0071","铁壁珠Ⅲ【3】","weapon","发动格挡性能技能的装饰品。","9403","HunterSkill_026,3,NONE,0","4","3","GRAY"
"ACC_ID_0139","回避珠【2】","armor","发动回避性能技能的装饰品。","9501","HunterSkill_075,1,NONE,0","3","2","SKY"
"ACC_ID_0140","跳跃珠【2】","armor","发动回避距离提升技能的装饰品。","9601","HunterSkill_076,1,NONE,0","3","2","SKY"
"ACC_ID_0136","防音珠【2】","armor","发动耳塞技能的装饰品。","9701","HunterSkill_072,1,NONE,0","3","2","WHITE"
"ACC_ID_0072","强壁珠【1】","weapon","发动格挡强化技能的装饰品。","9801","HunterSkill_027,1,NONE,0","2","1","SKY"
"ACC_ID_0073","强壁珠Ⅱ【2】","weapon","发动格挡强化技能的装饰品。","9802","HunterSkill_027,2,NONE,0","3","2","SKY"
"ACC_ID_0074","强壁珠Ⅲ【3】","weapon","发动格挡强化技能的装饰品。","9803","HunterSkill_027,3,NONE,0","4","3","SKY"
"ACC_ID_0409","强壁·火炎珠【3】","weapon","发动格挡强化技能和火属性攻击强化技能的装饰品。","9810","HunterSkill_027,3,HunterSkill_005,1","5","3","SKY"
"ACC_ID_0410","强壁·流水珠【3】","weapon","发动格挡强化技能和水属性攻击强化技能的装饰品。","9815","HunterSkill_027,3,HunterSkill_006,1","5","3","SKY"
"ACC_ID_0412","强壁·冰结珠【3】","weapon","发动格挡强化技能和冰属性攻击强化技能的装饰品。","9825","HunterSkill_027,3,HunterSkill_007,1","5","3","SKY"
"ACC_ID_0411","强壁·雷光珠【3】","weapon","发动格挡强化技能和雷属性攻击强化技能的装饰品。","9820","HunterSkill_027,3,HunterSkill_008,1","5","3","SKY"
"ACC_ID_0413","强壁·破龙珠【3】","weapon","发动格挡强化技能和龙属性攻击强化技能的装饰品。","9830","HunterSkill_027,3,HunterSkill_009,1","5","3","SKY"
"ACC_ID_0225","强壁·匠珠【3】","weapon","发动格挡强化技能和匠技能的装饰品。","9835","HunterSkill_027,3,HunterSkill_014,1","5","3","SKY"
"ACC_ID_0226","强壁·铁壁珠【3】","weapon","发动格挡强化技能和格挡性能技能的装饰品。","9840","HunterSkill_027,3,HunterSkill_026,1","5","3","SKY"
"ACC_ID_0084","速纳珠【1】","armor","发动纳刀术技能的装饰品。","9901","HunterSkill_031,1,NONE,0","2","1","BROWN"
"ACC_ID_0137","防风珠【1】","armor","发动风压耐性技能的装饰品。","10001","HunterSkill_073,1,NONE,0","2","1","WHITE"
"ACC_ID_0138","耐震珠【1】","armor","发动耐震技能的装饰品。","10101","HunterSkill_074,1,NONE,0","2","1","GRAY"
"ACC_ID_0162","耐冲珠【1】","armor","发动减轻胆怯技能的装饰品。","10201","HunterSkill_102,1,NONE,0","2","1","GRAY"
"ACC_ID_0183","威吓珠【1】","armor","发动威吓技能的装饰品。","10301","HunterSkill_139,1,NONE,0","2","1","WHITE"
"ACC_ID_0135","快吃珠【1】","armor","发动快吃技能的装饰品。","10401","HunterSkill_071,1,NONE,0","2","1","BROWN"
"ACC_ID_0095","增弹珠【1】","weapon","发动炮弹装填技能的装饰品。","10501","HunterSkill_036,1,NONE,0","2","1","GRAY"
"ACC_ID_0096","增弹珠Ⅱ【2】","weapon","发动炮弹装填技能的装饰品。","10502","HunterSkill_036,2,NONE,0","3","2","GRAY"
"ACC_ID_0238","增弹·攻击珠【3】","weapon","发动炮弹装填技能和攻击技能的装饰品。","10510","HunterSkill_036,2,HunterSkill_000,1","4","3","GRAY"
"ACC_ID_0239","增弹·达人珠【3】","weapon","发动炮弹装填技能和看破技能的装饰品。","10515","HunterSkill_036,2,HunterSkill_001,1","4","3","GRAY"
"ACC_ID_0242","增弹·拔刀珠【3】","weapon","发动炮弹装填技能和拔刀术【技】技能的装饰品。","10520","HunterSkill_036,2,HunterSkill_029,1","4","3","GRAY"
"ACC_ID_0240","增弹·匠珠【3】","weapon","发动炮弹装填技能和匠技能的装饰品。","10525","HunterSkill_036,2,HunterSkill_014,1","4","3","GRAY"
"ACC_ID_0241","增弹·铁壁珠【3】","weapon","发动炮弹装填技能和格挡性能技能的装饰品。","10530","HunterSkill_036,2,HunterSkill_026,1","4","3","GRAY"
"ACC_ID_0152","沼渡珠【1】","armor","发动适应水域·油泥技能的装饰品。","10601","HunterSkill_088,1,NONE,0","2","1","GRAY"
"ACC_ID_0113","缓冲珠【1】","armor","发动缓冲技能的装饰品。","10701","HunterSkill_050,1,NONE,0","2","1","GRAY"
"ACC_ID_0165","飞跃珠【1】","armor","发动飞身跃入技能的装饰品。","10801","HunterSkill_106,1,NONE,0","2","1","SKY"
"ACC_ID_0163","强跳珠【1】","armor","发动跳跃铁人技能的装饰品。","10901","HunterSkill_103,1,NONE,0","2","1","ULTRAMARINE"
"ACC_ID_0166","登壁珠【1】","armor","发动攀岩者技能的装饰品。","11001","HunterSkill_109,1,NONE,0","2","1","IVORY"
"ACC_ID_0159","友爱珠【1】","armor","发动广域化技能的装饰品。","11101","HunterSkill_098,1,NONE,0","2","1","WHITE"
"ACC_ID_0182","整备珠【2】","armor","发动整备技能的装饰品。","11201","HunterSkill_138,1,NONE,0","3","2","IVORY"
"ACC_ID_0156","爆师珠【1】","armor","发动炸弹客技能的装饰品。","11301","HunterSkill_095,1,NONE,0","2","1","VERMILION"
"ACC_ID_0157","嗜菇珠【2】","armor","发动最爱蘑菇技能的装饰品。","11401","HunterSkill_096,1,NONE,0","3","2","PURPLE"
"ACC_ID_0158","持续珠【1】","armor","发动道具使用强化技能的装饰品。","11501","HunterSkill_097,1,NONE,0","2","1","IVORY"
"ACC_ID_0160","节食珠【1】","armor","发动满足感技能的装饰品。","11601","HunterSkill_099,1,NONE,0","2","1","IVORY"
"ACC_ID_0105","打磨珠【1】","weapon","发动砥石使用高速化技能的装饰品。","11701","HunterSkill_046,1,NONE,0","2","1","YELLOW"
"ACC_ID_0106","打磨珠Ⅱ【2】","weapon","发动砥石使用高速化技能的装饰品。","11702","HunterSkill_046,2,NONE,0","3","2","YELLOW"
"ACC_ID_0243","打磨·攻击珠【3】","weapon","发动砥石使用高速化技能和攻击技能的装饰品。","11710","HunterSkill_046,2,HunterSkill_000,1","4","3","YELLOW"
"ACC_ID_0244","打磨·达人珠【3】","weapon","发动砥石使用高速化技能和看破技能的装饰品。","11715","HunterSkill_046,2,HunterSkill_001,1","4","3","YELLOW"
"ACC_ID_0248","打磨·拔刀珠【3】","weapon","发动砥石使用高速化技能和拔刀术【技】技能的装饰品。","11720","HunterSkill_046,2,HunterSkill_029,1","4","3","YELLOW"
"ACC_ID_0245","打磨·匠珠【3】","weapon","发动砥石使用高速化技能和匠技能的装饰品。","11725","HunterSkill_046,2,HunterSkill_014,1","4","3","YELLOW"
"ACC_ID_0247","打磨·击晕珠【3】","weapon","发动砥石使用高速化技能和击晕术技能的装饰品。","11730","HunterSkill_046,2,HunterSkill_032,1","4","3","YELLOW"
"ACC_ID_0246","打磨·铁壁珠【3】","weapon","发动砥石使用高速化技能和格挡性能技能的装饰品。","11735","HunterSkill_046,2,HunterSkill_026,1","4","3","YELLOW"
"ACC_ID_0180","闪光珠【1】","armor","发动闪光强化技能的装饰品。","11901","HunterSkill_136,1,NONE,0","2","1","YELLOW"
"ACC_ID_0153","植学珠【1】","armor","发动植生学技能的装饰品。","12001","HunterSkill_089,1,NONE,0","2","1","SGREEN"
"ACC_ID_0154","地学珠【1】","armor","发动地质学技能的装饰品。","12101","HunterSkill_090,1,NONE,0","2","1","IVORY"
"ACC_ID_0181","标本珠【1】","armor","发动昆虫标本达人技能的装饰品。","12201","HunterSkill_137,1,NONE,0","2","1","MOS"
"ACC_ID_0178","猎手珠【1】","armor","发动猎人生活技能的装饰品。","12301","HunterSkill_126,1,NONE,0","2","1","IVORY"